estimator,threshold,net_benefit_model,net_benefit_alert_all,net_benefit_alert_none,alert_rate,benefit_over_best_default,block
gradient_boosting,0.02,0.08556649496859446,0.08500141270565735,0.0,0.919062832800852,0.0005650822629371111,wbe
gradient_boosting,0.039999999999999994,0.07161874334398297,0.06593894213702521,0.0,0.8104366347177849,0.005679801206957755,wbe
gradient_boosting,0.06,0.06061224027371809,0.04606530260802575,0.0,0.6656017039403621,0.014546937665692337,wbe
gradient_boosting,0.07999999999999999,0.05144232995323425,0.025327591795156756,0.0,0.5133120340788072,0.026114738158077494,wbe
gradient_boosting,0.09999999999999999,0.03798367057153001,0.003668204946160228,0.0,0.4355697550585729,0.03431546562536978,wbe
gradient_boosting,0.11999999999999998,0.02250943944234679,-0.018975699486881575,0.0,0.39403620873269435,0.02250943944234679,wbe
gradient_boosting,0.13999999999999999,0.020605790425242097,-0.042672808777274154,0.0,0.3450479233226837,0.020605790425242097,wbe
gradient_boosting,0.15999999999999998,0.016937978599320468,-0.06749835184339971,0.0,0.32374866879659214,0.016937978599320468,wbe
gradient_boosting,0.17999999999999997,0.0020520013506844445,-0.09353489701031188,0.0,0.28647497337593186,0.0020520013506844445,wbe
gradient_boosting,0.19999999999999996,0.0034611288604899024,-0.12087326943556968,0.0,0.2523961661341853,0.0034611288604899024,wbe
gradient_boosting,0.21999999999999995,-0.0006826684142978018,-0.14961360967750736,0.0,0.23961661341853036,-0.0006826684142978018,wbe
gradient_boosting,0.23999999999999996,-0.002354128131831168,-0.1798665994058628,0.0,0.22044728434504793,-0.002354128131831168,wbe
gradient_boosting,0.25999999999999995,-0.007512304636905269,-0.2117548858762916,0.0,0.20979765708200213,-0.007512304636905269,wbe
gradient_boosting,0.27999999999999997,-0.0037865341379718365,-0.24541474381729966,0.0,0.13525026624068157,-0.0037865341379718365,wbe
gradient_boosting,0.3,-0.007759014148790509,-0.28099802221207976,0.0,0.11395101171458999,-0.007759014148790509,wbe
gradient_boosting,0.31999999999999995,0.0016914113888366923,-0.31867443463008194,0.0,0.08626198083067092,0.0016914113888366923,wbe
gradient_boosting,0.33999999999999997,0.0035821473521154105,-0.3586342659825087,0.0,0.07135250266240682,0.0035821473521154105,wbe
gradient_boosting,0.36,0.005657614483493077,-0.40109158679446216,0.0,0.06389776357827476,0.005657614483493077,wbe
gradient_boosting,0.37999999999999995,0.004672094541207192,-0.4462880895942834,0.0,0.059637912673056445,0.004672094541207192,wbe
gradient_boosting,0.39999999999999997,0.003194888178913745,-0.49449769258075954,0.0,0.05644302449414271,0.003194888178913745,wbe
gradient_boosting,0.41999999999999993,0.0029011053578642046,-0.5460320957731993,0.0,0.054313099041533544,0.0029011053578642046,wbe
gradient_boosting,0.43999999999999995,0.0043359196713829325,-0.6012475277650995,0.0,0.04046858359957402,0.0043359196713829325,wbe
gradient_boosting,0.45999999999999996,0.0016171656214254756,-0.6605529917563995,0.0,0.03514376996805112,0.0016171656214254756,wbe
gradient_boosting,0.4799999999999999,0.0022937658720406373,-0.7244204145162609,0.0,0.03301384451544196,0.0022937658720406373,wbe
gradient_boosting,0.49999999999999994,1.734723475976807e-18,-0.7933972310969114,0.0,0.029818956336528223,1.734723475976807e-18,wbe
gradient_boosting,0.5199999999999999,-0.001242456514022005,-0.8681221157259492,0.0,0.029818956336528223,-0.001242456514022005,wbe
gradient_boosting,0.5399999999999999,-0.0025929527249154913,-0.949344816409686,0.0,0.029818956336528223,-0.0025929527249154913,wbe
gradient_boosting,0.5599999999999999,-0.004259850905218316,-1.0379513989737628,0.0,0.022364217252396165,-0.004259850905218316,wbe
gradient_boosting,0.58,-0.0036513007759014122,-1.1349967036867992,0.0,0.019169329073482427,-0.0036513007759014122,wbe
gradient_boosting,0.6,-0.002662406815761447,-1.2417465388711393,0.0,0.01597444089456869,-0.002662406815761447,wbe
logistic,0.02,0.0848927430397079,0.08500141270565735,0.0,0.952076677316294,-0.00010866966594945404,wbe
logistic,0.039999999999999994,0.06926695065672701,0.06593894213702521,0.0,0.8668796592119276,0.0033280085197018028,wbe
logistic,0.06,0.059977794394217486,0.04606530260802575,0.0,0.7465388711395101,0.013912491786191736,wbe
logistic,0.07999999999999999,0.04852525813770432,0.025327591795156756,0.0,0.6134185303514377,0.023197666342547565,wbe
logistic,0.09999999999999999,0.037747012187906756,0.003668204946160228,0.0,0.42705005324813633,0.03407880724174653,wbe
logistic,0.11999999999999998,0.030738696872882186,-0.018975699486881575,0.0,0.3514376996805112,0.030738696872882186,wbe
logistic,0.13999999999999999,0.03063625331252942,-0.042672808777274154,0.0,0.27582534611288606,0.03063625331252942,wbe
logistic,0.15999999999999998,0.029007556164105695,-0.06749835184339971,0.0,0.22044728434504793,0.029007556164105695,wbe
logistic,0.17999999999999997,0.027559157380711196,-0.09353489701031188,0.0,0.18210862619808307,0.027559157380711196,wbe
logistic,0.19999999999999996,0.025292864749733766,-0.12087326943556968,0.0,0.1597444089456869,0.025292864749733766,wbe
logistic,0.21999999999999995,0.021790775784386013,-0.14961360967750736,0.0,0.14057507987220447,0.021790775784386013,wbe
logistic,0.23999999999999996,0.016647048932234745,-0.1798665994058628,0.0,0.12034078807241747,0.016647048932234745,wbe
logistic,0.25999999999999995,0.015945658118182087,-0.2117548858762916,0.0,0.0979765708200213,0.015945658118182087,wbe
logistic,0.27999999999999997,0.012720388119749147,-0.24541474381729966,0.0,0.08519701810436635,0.012720388119749147,wbe
logistic,0.3,0.013692377909630304,-0.28099802221207976,0.0,0.07454739084132056,0.013692377909630304,wbe
logistic,0.31999999999999995,0.0075173839503852695,-0.31867443463008194,0.0,0.06389776357827476,0.0075173839503852695,wbe
logistic,0.33999999999999997,0.005905702391325398,-0.3586342659825087,0.0,0.054313099041533544,0.005905702391325398,wbe
logistic,0.36,0.007388178913738018,-0.40109158679446216,0.0,0.04898828541001065,0.007388178913738018,wbe
logistic,0.37999999999999995,0.007592153629461683,-0.4462880895942834,0.0,0.043663471778487756,0.007592153629461683,wbe
logistic,0.39999999999999997,0.005679801206957758,-0.49449769258075954,0.0,0.039403620873269436,0.005679801206957758,wbe
logistic,0.41999999999999993,0.006059270684146748,-0.5460320957731993,0.0,0.03727369542066028,0.006059270684146748,wbe
logistic,0.43999999999999995,0.0049444698006998345,-0.6012475277650995,0.0,0.03727369542066028,0.0049444698006998345,wbe
logistic,0.45999999999999996,0.003747091074034632,-0.6605529917563995,0.0,0.03727369542066028,0.003747091074034632,wbe
logistic,0.4799999999999999,0.0013107233554517927,-0.7244204145162609,0.0,0.03407880724174654,0.0013107233554517927,wbe
logistic,0.49999999999999994,0.0031948881789137414,-0.7933972310969114,0.0,0.0308839190628328,0.0031948881789137414,wbe
logistic,0.5199999999999999,0.0011537096201632967,-0.8681221157259492,0.0,0.025559105431309903,0.0011537096201632967,wbe
logistic,0.5399999999999999,0.0013427790896883857,-0.949344816409686,0.0,0.024494142705005325,0.0013427790896883857,wbe
logistic,0.5599999999999999,-0.000774518346403328,-1.0379513989737628,0.0,0.023429179978700747,-0.000774518346403328,wbe
logistic,0.58,-0.004057000862112681,-1.1349967036867992,0.0,0.021299254526091587,-0.004057000862112681,wbe
logistic,0.6,-0.005324813631522896,-1.2417465388711393,0.0,0.021299254526091587,-0.005324813631522896,wbe
random_forest,0.02,0.08797896155267218,0.08500141270565735,0.0,0.8008519701810437,0.00297754884701483,wbe
random_forest,0.039999999999999994,0.07547923322683706,0.06593894213702521,0.0,0.744408945686901,0.009540291089811845,wbe
random_forest,0.06,0.06571046609113362,0.04606530260802575,0.0,0.5857294994675186,0.019645163483107873,wbe
random_forest,0.07999999999999999,0.05426679631430292,0.025327591795156756,0.0,0.5207667731629393,0.028939204519146167,wbe
random_forest,0.09999999999999999,0.03881197491421134,0.003668204946160228,0.0,0.35356762513312034,0.03514376996805111,wbe
random_forest,0.11999999999999998,0.03296543711879175,-0.018975699486881575,0.0,0.31735889243876464,0.03296543711879175,wbe
random_forest,0.13999999999999999,0.030586720162468738,-0.042672808777274154,0.0,0.26091586794462196,0.030586720162468738,wbe
random_forest,0.15999999999999998,0.028753993610223655,-0.06749835184339971,0.0,0.2417465388711395,0.028753993610223655,wbe
random_forest,0.17999999999999997,0.026000675342216686,-0.09353489701031188,0.0,0.22470713525026625,0.026000675342216686,wbe
random_forest,0.19999999999999996,0.02050053248136316,-0.12087326943556968,0.0,0.2055378061767838,0.02050053248136316,wbe
random_forest,0.21999999999999995,0.015537533109418099,-0.14961360967750736,0.0,0.18210862619808307,0.015537533109418099,wbe
random_forest,0.23999999999999996,0.01165853931954488,-0.1798665994058628,0.0,0.16719914802981894,0.01165853931954488,wbe
random_forest,0.25999999999999995,0.006994214661946295,-0.2117548858762916,0.0,0.14802981895633652,0.006994214661946295,wbe
random_forest,0.27999999999999997,0.005679801206957769,-0.24541474381729966,0.0,0.1299254526091587,0.005679801206957769,wbe
random_forest,0.3,0.004868401034535223,-0.28099802221207976,0.0,0.11288604898828541,0.004868401034535223,wbe
random_forest,0.31999999999999995,-0.0005638037962788917,-0.31867443463008194,0.0,0.10436634717784878,-0.0005638037962788917,wbe
random_forest,0.33999999999999997,-0.007390195888598433,-0.3586342659825087,0.0,0.0926517571884984,-0.007390195888598433,wbe
random_forest,0.36,-0.01224707135250266,-0.40109158679446216,0.0,0.08093716719914804,-0.01224707135250266,wbe
random_forest,0.37999999999999995,-0.014772063622934477,-0.4462880895942834,0.0,0.07454739084132056,-0.014772063622934477,wbe
random_forest,0.39999999999999997,-0.010294639687610928,-0.49449769258075954,0.0,0.055378061767838126,-0.010294639687610928,wbe
random_forest,0.41999999999999993,-0.011016855789357714,-0.5460320957731993,0.0,0.05324813631522897,-0.011016855789357714,wbe
random_forest,0.43999999999999995,-0.009965008367564275,-0.6012475277650995,0.0,0.04898828541001065,-0.009965008367564275,wbe
random_forest,0.45999999999999996,-0.005955902654518199,-0.6605529917563995,0.0,0.039403620873269436,-0.005955902654518199,wbe
random_forest,0.4799999999999999,-0.007700499713279262,-0.7244204145162609,0.0,0.039403620873269436,-0.007700499713279262,wbe
random_forest,0.49999999999999994,-0.007454739084132052,-0.7933972310969114,0.0,0.03514376996805112,-0.007454739084132052,wbe
random_forest,0.5199999999999999,-0.005679801206957755,-0.8681221157259492,0.0,0.029818956336528223,-0.005679801206957755,wbe
random_forest,0.5399999999999999,-0.008288188174283461,-0.949344816409686,0.0,0.02875399361022364,-0.008288188174283461,wbe
random_forest,0.5599999999999999,-0.004259850905218316,-1.0379513989737628,0.0,0.022364217252396165,-0.004259850905218316,wbe
random_forest,0.58,-0.004057000862112681,-1.1349967036867992,0.0,0.021299254526091587,-0.004057000862112681,wbe
random_forest,0.6,-0.0037273695420660252,-1.2417465388711393,0.0,0.02023429179978701,-0.0037273695420660252,wbe
gradient_boosting,0.02,0.041530504036184995,0.059666284329214184,0.0,0.8282078472958643,-0.01813578029302919,ar
gradient_boosting,0.039999999999999994,0.03221102863202545,0.04007599858607282,0.0,0.6320254506892895,-0.007864969954047368,ar
gradient_boosting,0.06,0.016718936847092802,0.01965208366237224,0.0,0.5334040296924708,-0.0029331468152794388,ar
gradient_boosting,0.07999999999999999,0.0036885056941306713,-0.0016598275623587871,0.0,0.4878048780487805,0.0036885056941306713,ar
gradient_boosting,0.09999999999999999,-0.0015317544479792541,-0.023918934841522327,0.0,0.43796394485683987,-0.0015317544479792541,ar
gradient_boosting,0.11999999999999998,-0.008965583726983514,-0.04718981972428418,0.0,0.41039236479321317,-0.008965583726983514,ar
gradient_boosting,0.13999999999999999,-0.019162001529014268,-0.07154307134577917,0.0,0.3828207847295864,-0.019162001529014268,ar
gradient_boosting,0.15999999999999998,-0.03156087461495732,-0.09705600161591674,0.0,0.3181336161187699,-0.03156087461495732,ar
gradient_boosting,0.17999999999999997,-0.039572718102578675,-0.12381346506996346,0.0,0.2863202545068929,-0.039572718102578675,ar
gradient_boosting,0.19999999999999996,-0.0357900318133616,-0.15190880169671256,0.0,0.21739130434782608,-0.0357900318133616,ar
gradient_boosting,0.21999999999999995,-0.03126954346466541,-0.1814449248171411,0.0,0.15906680805938495,-0.03126954346466541,ar
gradient_boosting,0.23999999999999996,-0.017302003683652388,-0.2125355807333816,0.0,0.09013785790031813,-0.017302003683652388,ar
gradient_boosting,0.25999999999999995,-0.012582041214066662,-0.24530681264509466,0.0,0.05620360551431601,-0.012582041214066662,ar
gradient_boosting,0.27999999999999997,-0.005007658772239894,-0.2798986685519028,0.0,0.031813361611876985,-0.005007658772239894,ar
gradient_boosting,0.3,-0.006059687926071808,-0.31646720193910016,0.0,0.031813361611876985,-0.006059687926071808,ar
gradient_boosting,0.31999999999999995,-0.007173601147776181,-0.35518682552554415,0.0,0.031813361611876985,-0.007173601147776181,ar
gradient_boosting,0.33999999999999997,-0.0083228895530062,-0.3962530929657121,0.0,0.02863202545068929,-0.0083228895530062,ar
gradient_boosting,0.36,-0.008881230116648993,-0.4398860021208907,0.0,0.027571580063626724,-0.008881230116648993,ar
gradient_boosting,0.37999999999999995,-0.008757226422194092,-0.48633393767317734,0.0,0.02545068928950159,-0.008757226422194092,ar
gradient_boosting,0.39999999999999997,-0.00353481795687522,-0.5358784022622833,0.0,0.010604453870625663,-0.00353481795687522,ar
gradient_boosting,0.41999999999999993,-0.00402237905437525,-0.588839726478224,0.0,0.010604453870625663,-0.00402237905437525,ar
gradient_boosting,0.43999999999999995,-0.003711558854718981,-0.645584002423875,0.0,0.009544008483563097,-0.003711558854718981,ar
gradient_boosting,0.45999999999999996,-0.0042025057931738725,-0.7065315580692038,0.0,0.009544008483563097,-0.0042025057931738725,ar
gradient_boosting,0.4799999999999999,-0.004731217880740679,-0.7721673872257115,0.0,0.009544008483563097,-0.004731217880740679,ar
gradient_boosting,0.49999999999999994,-0.002120890774125132,-0.84305408271474,0.0,0.006362672322375398,-0.002120890774125132,ar
gradient_boosting,0.5199999999999999,-0.002474372569812654,-0.9198480028278541,0.0,0.006362672322375398,-0.002474372569812654,ar
gradient_boosting,0.5399999999999999,-0.0016137212411821648,-1.0033196551247174,0.0,0.005302226935312832,-0.0016137212411821648,ar
gradient_boosting,0.5599999999999999,-0.0019280825219319376,-1.0943796394485683,0.0,0.005302226935312832,-0.0019280825219319376,ar
gradient_boosting,0.58,0.0,-1.1941120032318333,0.0,0.0,0.0,ar
gradient_boosting,0.6,0.0,-1.303817603393425,0.0,0.0,0.0,ar
logistic,0.02,0.060077477438483344,0.059666284329214184,0.0,0.9798515376458112,0.00041119310926916036,ar
logistic,0.039999999999999994,0.04012018381053377,0.04007599858607282,0.0,0.8398727465535525,4.4185224460951966e-05,ar
logistic,0.06,0.023984115881861875,0.01965208366237224,0.0,0.7200424178154825,0.004332032219489634,ar
logistic,0.07999999999999999,0.01470791645534604,-0.0016598275623587871,0.0,0.6129374337221634,0.01470791645534604,ar
logistic,0.09999999999999999,0.006716154118062916,-0.023918934841522327,0.0,0.4591728525980912,0.006716154118062916,ar
logistic,0.11999999999999998,0.00361515472862238,-0.04718981972428418,0.0,0.3711558854718982,0.00361515472862238,ar
logistic,0.13999999999999999,0.002170213815383855,-0.07154307134577917,0.0,0.28207847295864263,0.002170213815383855,ar
logistic,0.15999999999999998,-0.004494268545169919,-0.09705600161591674,0.0,0.20254506892895016,-0.004494268545169919,ar
logistic,0.17999999999999997,-0.0018363810361327303,-0.12381346506996346,0.0,0.1261930010604454,-0.0018363810361327303,ar
logistic,0.19999999999999996,-0.004241781548250261,-0.15190880169671256,0.0,0.06468716861081654,-0.004241781548250261,ar
logistic,0.21999999999999995,-0.002012127144682816,-0.1814449248171411,0.0,0.036055143160127257,-0.002012127144682816,ar
logistic,0.23999999999999996,-0.0022325166043422437,-0.2125355807333816,0.0,0.015906680805938492,-0.0022325166043422437,ar
logistic,0.25999999999999995,-0.0012324095038835229,-0.24530681264509466,0.0,0.01166489925768823,-0.0012324095038835229,ar
logistic,0.27999999999999997,-0.001413927182750088,-0.2798986685519028,0.0,0.007423117709437964,-0.001413927182750088,ar
logistic,0.3,-0.0007574609907589761,-0.31646720193910016,0.0,0.005302226935312832,-0.0007574609907589761,ar
logistic,0.31999999999999995,0.0005614122637390059,-0.35518682552554415,0.0,0.0021208907741251328,0.0005614122637390059,ar
logistic,0.33999999999999997,0.0005141553391818505,-0.3962530929657121,0.0,0.0021208907741251328,0.0005141553391818505,ar
logistic,0.36,-0.0005965005302226936,-0.4398860021208907,0.0,0.0010604453870625664,-0.0005965005302226936,ar
logistic,0.37999999999999995,-0.0006499503985222179,-0.48633393767317734,0.0,0.0010604453870625664,-0.0006499503985222179,ar
logistic,0.39999999999999997,-0.0007069635913750441,-0.5358784022622833,0.0,0.0010604453870625664,-0.0007069635913750441,ar
logistic,0.41999999999999993,0.0,-0.588839726478224,0.0,0.0,0.0,ar
logistic,0.43999999999999995,0.0,-0.645584002423875,0.0,0.0,0.0,ar
logistic,0.45999999999999996,0.0,-0.7065315580692038,0.0,0.0,0.0,ar
logistic,0.4799999999999999,0.0,-0.7721673872257115,0.0,0.0,0.0,ar
logistic,0.49999999999999994,0.0,-0.84305408271474,0.0,0.0,0.0,ar
logistic,0.5199999999999999,0.0,-0.9198480028278541,0.0,0.0,0.0,ar
logistic,0.5399999999999999,0.0,-1.0033196551247174,0.0,0.0,0.0,ar
logistic,0.5599999999999999,0.0,-1.0943796394485683,0.0,0.0,0.0,ar
logistic,0.58,0.0,-1.1941120032318333,0.0,0.0,0.0,ar
logistic,0.6,0.0,-1.303817603393425,0.0,0.0,0.0,ar
random_forest,0.02,0.0506200359252927,0.059666284329214184,0.0,0.7009544008483564,-0.009046248403921486,ar
random_forest,0.039999999999999994,0.02160657476139979,0.04007599858607282,0.0,0.5418875927889714,-0.018469423824673026,ar
random_forest,0.06,0.012905845987229533,0.01965208366237224,0.0,0.5047720042417816,-0.006746237675142708,ar
random_forest,0.07999999999999999,0.004702844760016603,-0.0016598275623587871,0.0,0.4496288441145281,0.004702844760016603,ar
random_forest,0.09999999999999999,-0.0037704724873335663,-0.023918934841522327,0.0,0.4050901378579003,-0.0037704724873335663,ar
random_forest,0.11999999999999998,-0.012821748770847387,-0.04718981972428418,0.0,0.3679745493107105,-0.012821748770847387,ar
random_forest,0.13999999999999999,-0.019137340008384914,-0.07154307134577917,0.0,0.3372216330858961,-0.019137340008384914,ar
random_forest,0.15999999999999998,-0.025551684088269442,-0.09705600161591674,0.0,0.3064687168610817,-0.025551684088269442,ar
random_forest,0.17999999999999997,-0.03546025916250677,-0.12381346506996346,0.0,0.28525980911983034,-0.03546025916250677,ar
random_forest,0.19999999999999996,-0.03605514316012724,-0.15190880169671256,0.0,0.25026511134676566,-0.03605514316012724,ar
random_forest,0.21999999999999995,-0.03548413410555509,-0.1814449248171411,0.0,0.21739130434782608,-0.03548413410555509,ar
random_forest,0.23999999999999996,-0.021990288552771103,-0.2125355807333816,0.0,0.13149522799575822,-0.021990288552771103,ar
random_forest,0.25999999999999995,-0.02292854890946089,-0.24530681264509466,0.0,0.10604453870625663,-0.02292854890946089,ar
random_forest,0.27999999999999997,-0.02279957582184517,-0.2798986685519028,0.0,0.09650053022269353,-0.02279957582184517,ar
random_forest,0.3,-0.025450689289501588,-0.31646720193910016,0.0,0.0911983032873807,-0.025450689289501588,ar
random_forest,0.31999999999999995,-0.020460358056265976,-0.35518682552554415,0.0,0.06998939554612937,-0.020460358056265976,ar
random_forest,0.33999999999999997,-0.019859249975898965,-0.3962530929657121,0.0,0.05726405090137858,-0.019859249975898965,ar
random_forest,0.36,-0.01332184517497349,-0.4398860021208907,0.0,0.041357370095440084,-0.01332184517497349,ar
random_forest,0.37999999999999995,-0.01508569082885779,-0.48633393767317734,0.0,0.041357370095440084,-0.01508569082885779,ar
random_forest,0.39999999999999997,-0.015199717214563445,-0.5358784022622833,0.0,0.036055143160127257,-0.015199717214563445,ar
random_forest,0.41999999999999993,-0.016199217464438507,-0.588839726478224,0.0,0.03499469777306469,-0.016199217464438507,ar
random_forest,0.43999999999999995,-0.010377215573397967,-0.645584002423875,0.0,0.018027571580063628,-0.010377215573397967,ar
random_forest,0.45999999999999996,-0.006912532893444876,-0.7065315580692038,0.0,0.012725344644750796,-0.006912532893444876,ar
random_forest,0.4799999999999999,-0.00766783587568317,-0.7721673872257115,0.0,0.012725344644750796,-0.00766783587568317,ar
random_forest,0.49999999999999994,-0.007423117709437963,-0.84305408271474,0.0,0.01166489925768823,-0.007423117709437963,ar
random_forest,0.5199999999999999,-0.007069635913750441,-0.9198480028278541,0.0,0.010604453870625663,-0.007069635913750441,ar
random_forest,0.5399999999999999,-0.005348333256489462,-1.0033196551247174,0.0,0.008483563096500531,-0.005348333256489462,ar
random_forest,0.5599999999999999,-0.005977055817989008,-1.0943796394485683,0.0,0.008483563096500531,-0.005977055817989008,ar
random_forest,0.58,-0.006665656718678987,-1.1941120032318333,0.0,0.008483563096500531,-0.006665656718678987,ar
random_forest,0.6,-0.007423117709437963,-1.303817603393425,0.0,0.008483563096500531,-0.007423117709437963,ar
gradient_boosting,0.02,0.08563169676816414,0.08500141270565735,0.0,0.8626198083067093,0.0006302840625067863,wbe+ar
gradient_boosting,0.039999999999999994,0.07059815406460775,0.06593894213702521,0.0,0.7284345047923323,0.004659211927582535,wbe+ar
gradient_boosting,0.06,0.06063489905512881,0.04606530260802575,0.0,0.6474973375931843,0.01456959644710306,wbe+ar
gradient_boosting,0.07999999999999999,0.051766449043848695,0.025327591795156756,0.0,0.5761448349307774,0.026438857248691938,wbe+ar
gradient_boosting,0.09999999999999999,0.043071825819429664,0.003668204946160228,0.0,0.48562300319488816,0.039403620873269436,wbe+ar
gradient_boosting,0.11999999999999998,0.03165843740923613,-0.018975699486881575,0.0,0.4334398296059638,0.03165843740923613,wbe+ar
gradient_boosting,0.13999999999999999,0.028184362384525846,-0.042672808777274154,0.0,0.38977635782747605,0.028184362384525846,wbe+ar
gradient_boosting,0.15999999999999998,0.016836553577767657,-0.06749835184339971,0.0,0.33759318423855167,0.016836553577767657,wbe+ar
gradient_boosting,0.17999999999999997,0.014831554066339396,-0.09353489701031188,0.0,0.2992545260915868,0.014831554066339396,wbe+ar
gradient_boosting,0.19999999999999996,0.007720979765708215,-0.12087326943556968,0.0,0.26198083067092653,0.007720979765708215,wbe+ar
gradient_boosting,0.21999999999999995,-0.00294912754976652,-0.14961360967750736,0.0,0.18956336528221512,-0.00294912754976652,wbe+ar
gradient_boosting,0.23999999999999996,-0.0033069895185247333,-0.1798665994058628,0.0,0.17465388711395102,-0.0033069895185247333,wbe+ar
gradient_boosting,0.25999999999999995,-0.0003453933166393183,-0.2117548858762916,0.0,0.13205537806176784,-0.0003453933166393183,wbe+ar
gradient_boosting,0.27999999999999997,0.0015974440894568724,-0.24541474381729966,0.0,0.09478168264110756,0.0015974440894568724,wbe+ar
gradient_boosting,0.3,-0.0012171002586338076,-0.28099802221207976,0.0,0.07028753993610223,-0.0012171002586338076,wbe+ar
gradient_boosting,0.31999999999999995,-0.004447785503977942,-0.31867443463008194,0.0,0.06602768903088392,-0.004447785503977942,wbe+ar
gradient_boosting,0.33999999999999997,-0.005970245586859001,-0.3586342659825087,0.0,0.058572949946751864,-0.005970245586859001,wbe+ar
gradient_boosting,0.36,-0.0036608093716719928,-0.40109158679446216,0.0,0.04792332268370607,-0.0036608093716719928,wbe+ar
gradient_boosting,0.37999999999999995,-0.0041911436325535005,-0.4462880895942834,0.0,0.04046858359957402,-0.0041911436325535005,wbe+ar
gradient_boosting,0.39999999999999997,-0.004614838480653173,-0.49449769258075954,0.0,0.0362087326943557,-0.004614838480653173,wbe+ar
gradient_boosting,0.41999999999999993,-0.007381293378869665,-0.5460320957731993,0.0,0.03301384451544196,-0.007381293378869665,wbe+ar
gradient_boosting,0.43999999999999995,-0.007987220447284341,-0.6012475277650995,0.0,0.03194888178913738,-0.007987220447284341,wbe+ar
gradient_boosting,0.45999999999999996,-0.009624107600678417,-0.6605529917563995,0.0,0.029818956336528223,-0.009624107600678417,wbe+ar
gradient_boosting,0.4799999999999999,-0.0026214467109035786,-0.7244204145162609,0.0,0.011714589989350373,-0.0026214467109035786,wbe+ar
gradient_boosting,0.49999999999999994,-0.003194888178913737,-0.7933972310969114,0.0,0.009584664536741214,-0.003194888178913737,wbe+ar
gradient_boosting,0.5199999999999999,-0.0037273695420660252,-0.8681221157259492,0.0,0.009584664536741214,-0.0037273695420660252,wbe+ar
gradient_boosting,0.5399999999999999,-0.005000694540908459,-0.949344816409686,0.0,0.004259850905218318,-0.005000694540908459,wbe+ar
gradient_boosting,0.5599999999999999,-0.004066221318617484,-1.0379513989737628,0.0,0.003194888178913738,-0.004066221318617484,wbe+ar
gradient_boosting,0.58,-0.0014706628125158475,-1.1349967036867992,0.0,0.0010649627263045794,-0.0014706628125158475,wbe+ar
gradient_boosting,0.6,-0.001597444089456869,-1.2417465388711393,0.0,0.0010649627263045794,-0.001597444089456869,wbe+ar
logistic,0.02,0.084675403707809,0.08500141270565735,0.0,0.8562300319488818,-0.00032600899784834825,wbe+ar
logistic,0.039999999999999994,0.060924742634007815,0.06593894213702521,0.0,0.7209797657082002,-0.0050141995030173955,wbe+ar
logistic,0.06,0.050302494731833326,0.04606530260802575,0.0,0.5963791267305645,0.004237192123807576,wbe+ar
logistic,0.07999999999999999,0.04245960087049128,0.025327591795156756,0.0,0.483493077742279,0.017132009075334527,wbe+ar
logistic,0.09999999999999999,0.03952195006508106,0.003668204946160228,0.0,0.40042598509052185,0.03585374511892083,wbe+ar
logistic,0.11999999999999998,0.03577306612450383,-0.018975699486881575,0.0,0.33226837060702874,0.03577306612450383,wbe+ar
logistic,0.13999999999999999,0.03591153379399164,-0.042672808777274154,0.0,0.26624068157614483,0.03591153379399164,wbe+ar
logistic,0.15999999999999998,0.0326081444292307,-0.06749835184339971,0.0,0.19488817891373802,0.0326081444292307,wbe+ar
logistic,0.17999999999999997,0.02927348762305515,-0.09353489701031188,0.0,0.15654952076677317,0.02927348762305515,wbe+ar
logistic,0.19999999999999996,0.024760383386581472,-0.12087326943556968,0.0,0.12460063897763578,0.024760383386581472,wbe+ar
logistic,0.21999999999999995,0.022746511564402945,-0.14961360967750736,0.0,0.1033013844515442,0.022746511564402945,wbe+ar
logistic,0.23999999999999996,0.017936214337761342,-0.1798665994058628,0.0,0.08519701810436635,0.017936214337761342,wbe+ar
logistic,0.25999999999999995,0.017471145266672428,-0.2117548858762916,0.0,0.06496272630457935,0.017471145266672428,wbe+ar
logistic,0.27999999999999997,0.0160336054904745,-0.24541474381729966,0.0,0.05005324813631523,0.0160336054904745,wbe+ar
logistic,0.3,0.011562452457021147,-0.28099802221207976,0.0,0.04046858359957402,0.011562452457021147,wbe+ar
logistic,0.31999999999999995,0.008457056944183427,-0.31867443463008194,0.0,0.03194888178913738,0.008457056944183427,wbe+ar
logistic,0.33999999999999997,0.006712492335495532,-0.3586342659825087,0.0,0.027689030883919063,0.006712492335495532,wbe+ar
logistic,0.36,0.004659211927582535,-0.40109158679446216,0.0,0.021299254526091587,0.004659211927582535,wbe+ar
logistic,0.37999999999999995,0.004775155450204406,-0.4462880895942834,0.0,0.02023429179978701,0.004775155450204406,wbe+ar
logistic,0.39999999999999997,0.005679801206957757,-0.49449769258075954,0.0,0.01810436634717785,0.005679801206957757,wbe+ar
logistic,0.41999999999999993,0.006022547831515554,-0.5460320957731993,0.0,0.01703940362087327,0.006022547831515554,wbe+ar
logistic,0.43999999999999995,0.0024342005172676116,-0.6012475277650995,0.0,0.013844515441959531,0.0024342005172676116,wbe+ar
logistic,0.45999999999999996,-0.00011832919181161902,-0.6605529917563995,0.0,0.011714589989350373,-0.00011832919181161902,wbe+ar
logistic,0.4799999999999999,0.00040960104857868523,-0.7244204145162609,0.0,0.010649627263045794,0.00040960104857868523,wbe+ar
logistic,0.49999999999999994,8.673617379884035e-19,-0.7933972310969114,0.0,0.010649627263045794,8.673617379884035e-19,wbe+ar
logistic,0.5199999999999999,-0.00044373446929357307,-0.8681221157259492,0.0,0.010649627263045794,-0.00044373446929357307,wbe+ar
logistic,0.5399999999999999,-0.0009260545446126761,-0.949344816409686,0.0,0.010649627263045794,-0.0009260545446126761,wbe+ar
logistic,0.5599999999999999,-9.681479330041556e-05,-1.0379513989737628,0.0,0.009584664536741214,-9.681479330041556e-05,wbe+ar
logistic,0.58,-0.0005578376185404934,-1.1349967036867992,0.0,0.009584664536741214,-0.0005578376185404934,wbe+ar
logistic,0.6,0.0005324813631522908,-1.2417465388711393,0.0,0.008519701810436636,0.0005324813631522908,wbe+ar
random_forest,0.02,0.08819630088457107,0.08500141270565735,0.0,0.7369542066027689,0.003194888178913724,wbe+ar
random_forest,0.039999999999999994,0.07561235356762513,0.06593894213702521,0.0,0.6347177848775293,0.009673411430599924,wbe+ar
random_forest,0.06,0.06369383454557814,0.04606530260802575,0.0,0.5995740149094781,0.017628531937552393,wbe+ar
random_forest,0.07999999999999999,0.049590220864008897,0.025327591795156756,0.0,0.5346112886048988,0.02426262906885214,wbe+ar
random_forest,0.09999999999999999,0.036800378653413804,0.003668204946160228,0.0,0.44621938232161873,0.033132173707253576,wbe+ar
random_forest,0.11999999999999998,0.02546229063800949,-0.018975699486881575,0.0,0.4078807241746539,0.02546229063800949,wbe+ar
random_forest,0.13999999999999999,0.022562349852638892,-0.042672808777274154,0.0,0.34824281150159747,0.022562349852638892,wbe+ar
random_forest,0.15999999999999998,0.015518028297581025,-0.06749835184339971,0.0,0.33120340788072417,0.015518028297581025,wbe+ar
random_forest,0.17999999999999997,0.01550689628302035,-0.09353489701031188,0.0,0.28434504792332266,0.01550689628302035,wbe+ar
random_forest,0.19999999999999996,0.011980830670926534,-0.12087326943556968,0.0,0.26624068157614483,0.011980830670926534,wbe+ar
random_forest,0.21999999999999995,-0.008547008547008537,-0.14961360967750736,0.0,0.19488817891373802,-0.008547008547008537,wbe+ar
random_forest,0.23999999999999996,-0.008239448461409109,-0.1798665994058628,0.0,0.17252396166134185,-0.008239448461409109,wbe+ar
random_forest,0.25999999999999995,-0.004835506432950512,-0.2117548858762916,0.0,0.1448349307774228,-0.004835506432950512,wbe+ar
random_forest,0.27999999999999997,-0.0035498757543485915,-0.24541474381729966,0.0,0.11182108626198083,-0.0035498757543485915,wbe+ar
random_forest,0.3,-0.003194888178913745,-0.28099802221207976,0.0,0.1033013844515442,-0.003194888178913745,wbe+ar
random_forest,0.31999999999999995,-0.004322495771471521,-0.31867443463008194,0.0,0.09904153354632587,-0.004322495771471521,wbe+ar
random_forest,0.33999999999999997,-0.007938813050634125,-0.3586342659825087,0.0,0.09371671991480299,-0.007938813050634125,wbe+ar
random_forest,0.36,-0.007987220447284345,-0.40109158679446216,0.0,0.08519701810436635,-0.007987220447284345,wbe+ar
random_forest,0.37999999999999995,-0.0013054381806314116,-0.4462880895942834,0.0,0.055378061767838126,-0.0013054381806314116,wbe+ar
random_forest,0.39999999999999997,-0.009584664536741207,-0.49449769258075954,0.0,0.043663471778487756,-0.009584664536741207,wbe+ar
random_forest,0.41999999999999993,-0.012485769894605406,-0.5460320957731993,0.0,0.042598509052183174,-0.012485769894605406,wbe+ar
random_forest,0.43999999999999995,-0.011334246158527305,-0.6012475277650995,0.0,0.0362087326943557,-0.011334246158527305,wbe+ar
random_forest,0.45999999999999996,-0.006744763933262333,-0.6605529917563995,0.0,0.02875399361022364,-0.006744763933262333,wbe+ar
random_forest,0.4799999999999999,-0.007208978454984843,-0.7244204145162609,0.0,0.025559105431309903,-0.007208978454984843,wbe+ar
random_forest,0.49999999999999994,-0.0074547390841320504,-0.7933972310969114,0.0,0.024494142705005325,-0.0074547390841320504,wbe+ar
random_forest,0.5199999999999999,-0.005324813631522891,-0.8681221157259492,0.0,0.021299254526091587,-0.005324813631522891,wbe+ar
random_forest,0.5399999999999999,-0.006297170903366204,-0.949344816409686,0.0,0.019169329073482427,-0.006297170903366204,wbe+ar
random_forest,0.5599999999999999,-0.004066221318617484,-1.0379513989737628,0.0,0.003194888178913738,-0.004066221318617484,wbe+ar
random_forest,0.58,-0.002941325625031695,-1.1349967036867992,0.0,0.002129925452609159,-0.002941325625031695,wbe+ar
random_forest,0.6,-0.001597444089456869,-1.2417465388711393,0.0,0.0010649627263045794,-0.001597444089456869,wbe+ar
