region_code,lag_weeks,spearman_rho,p_value,n_weeks
06001,-2,-0.0032085762860413368,0.9777579133820341,78
06001,-1,0.09195805000033885,0.42328339227288175,78
06001,0,0.1432699063375849,0.2108017557234802,78
06001,1,0.18427606177805966,0.10863921517653977,77
06001,2,0.15749673819818427,0.1742206238078022,76
06001,3,0.13033712418251395,0.2650405605417662,75
06001,4,0.07186043512469444,0.5429022418853198,74
06001,5,-0.05001850004361283,0.6743062241308384,73
06001,6,-0.19424515870644735,0.10205063683286204,72
06013,-2,-0.1426832959793014,0.1873802654376904,87
06013,-1,-0.09787389224359379,0.3671255547745199,87
06013,0,0.020139548521240558,0.8480465859594316,93
06013,1,0.0446085056549688,0.6816103115167683,87
06013,2,0.06367755293449635,0.5602489080892386,86
06013,3,0.03906485396130896,0.722617283414642,85
06013,4,-0.011340656213703648,0.918951417633507,83
06013,5,-0.07287250978296991,0.5152892707801731,82
06013,6,-0.11570978863523279,0.3067385892993524,80
06019,-2,-0.17371221175236654,0.18824487692209935,59
06019,-1,-0.017330237505460228,0.896346765715493,59
06019,0,0.11651071836441167,0.37951739723078665,59
06019,1,0.23954554186572727,0.07012855210349794,58
06019,2,0.3827777105160658,0.003295954573708239,57
06019,3,0.48363115797640654,0.0001593656598582691,56
06019,4,0.5604496193716042,8.594537590112105e-06,55
06019,5,0.5708897520132069,6.554692964187948e-06,54
06019,6,0.5120448289972784,8.884589119990793e-05,53
06025,-2,0.10718584753185793,0.4232218568082184,58
06025,-1,0.22570421956358305,0.0856453519378112,59
06025,0,0.33785441012320533,0.006767645503204549,63
06025,1,0.42237419337608967,0.0009575566376890719,58
06025,2,0.4348393356960615,0.0008111655526420665,56
06025,3,0.43533237219396675,0.0008946944092080317,55
06025,4,0.37719175674541544,0.004528995585786405,55
06025,5,0.2822167141182787,0.03683904348711615,55
06025,6,0.16831712012018435,0.22374335340013135,54
06029,-2,-0.23653956952164626,0.057820369618948916,65
06029,-1,-0.07351609513934478,0.5605709128801634,65
06029,0,0.08977024966657773,0.47699406845249476,65
06029,1,0.21730617797876023,0.08455201375193958,64
06029,2,0.28233241338712434,0.024968300863183933,63
06029,3,0.34006848194983,0.006844430941036908,62
06029,4,0.40965435489245317,0.0010436972614210665,61
06029,5,0.4594781905322839,0.00022159643101130988,60
06029,6,0.48924323588383006,8.419121331221444e-05,59
06033,-2,0.1589962997224792,0.28575484960057296,47
06033,-1,0.4264003473729917,0.002510818901473389,48
06033,0,0.5488775510204081,4.434059412003376e-05,49
06033,1,0.6453515263644773,9.711124228240325e-07,47
06033,2,0.6577075098814228,9.156518586163377e-07,45
06033,3,0.5794221282593376,3.768717578539349e-05,44
06033,4,0.5579885231048022,0.00010118830263343136,43
06033,5,0.4609837128271615,0.0021234266485482384,42
06033,6,0.25365853658536586,0.10953765019819572,41
06037,-2,0.20319348382235813,0.09402544842914726,69
06037,-1,0.3388265982037809,0.004401614365828936,69
06037,0,0.404890640303437,0.0005075870255677356,70
06037,1,0.4481975533267666,0.00012667656381639406,68
06037,2,0.4383606010492812,0.00020704453077181596,67
06037,3,0.3743549661001243,0.0019575085982192074,66
06037,4,0.28491088916370866,0.02142803910062736,65
06037,5,0.1420940770923316,0.25885090728879767,65
06037,6,0.016682008121955142,0.8959059822225064,64
06047,-2,0.28365384615384615,0.022034794035499128,65
06047,-1,0.4424825174825175,0.0002236812881414813,65
06047,0,0.5835227272727272,3.3702409357178155e-07,65
06047,1,0.7126831501831501,3.9621284733317726e-11,64
06047,2,0.7752976190476191,8.717008309478062e-14,63
06047,3,0.7521089874342122,1.837403548899222e-12,62
06047,4,0.7046007403490215,2.34274348663243e-10,61
06047,5,0.5932759099749931,5.871826639227087e-07,60
06047,6,0.47007597895967285,0.0001722758098967916,59
06059,-2,0.24019138755980862,0.07457138222721695,56
06059,-1,0.4716336295283664,0.00024326144164778143,56
06059,0,0.6478468899521531,6.770433430790781e-08,56
06059,1,0.7771284271284273,3.042427606285053e-12,55
06059,2,0.8195540308747855,3.536218409819299e-14,54
06059,3,0.7708434123528464,1.4641847651605964e-11,53
06059,4,0.6834286690002561,2.361426379004988e-08,52
06059,5,0.5563800904977375,2.241490647517328e-05,51
06059,6,0.40888355342136856,0.003196542049908482,50
06067,-2,0.32437171244886026,0.00035982388886196884,117
06067,-1,0.4753030916093453,6.125962944846959e-08,117
06067,0,0.6044373510767432,5.358020522006771e-13,117
06067,1,0.6839272671356629,2.640302539768099e-17,116
06067,2,0.7092006628264815,7.342597318612778e-19,115
06067,3,0.6863733014722262,3.500746617011895e-17,114
06067,4,0.6167492847162154,3.5084233233985714e-13,113
06067,5,0.5121553285270101,7.831402104779499e-09,112
06067,6,0.36596174096174094,7.817429607243183e-05,111
06071,-2,0.22849195750846799,0.062917240728742,67
06071,-1,0.3362279649091368,0.00540518818319522,67
06071,0,0.42726063003111275,0.00027924030562342776,68
06071,1,0.4830236421837617,3.994855324628579e-05,66
06071,2,0.541841022721149,3.1411672503335553e-06,65
06071,3,0.49090924373329925,3.298359772440582e-05,65
06071,4,0.40052036571747,0.0010400539859834205,64
06071,5,0.32884323548709177,0.008501670716556036,63
06071,6,0.17736798621856795,0.16785238904100974,62
06075,-2,-0.057809293949088576,0.5358455163958591,117
06075,-1,0.0014236155253677114,0.9878459501213936,117
06075,0,0.05409176302513758,0.5624311111181383,117
06075,1,0.06978553952041548,0.456645575080392,116
06075,2,0.04581248527900217,0.6268447803031812,115
06075,3,0.012264575830561106,0.8969528878906469,114
06075,4,-0.033041432738247695,0.7282721482851429,113
06075,5,-0.09212781614800855,0.3339902268047371,112
06075,6,-0.14955702408471833,0.11719202440463934,111
06079,-2,-0.057142857142857155,0.6785900797124303,55
06079,-1,0.1562770562770563,0.2545453345078494,55
06079,0,0.33759018759018766,0.011715241355355285,55
06079,1,0.45927196493234224,0.00047704495981214056,54
06079,2,0.5385421706176423,3.186066312928319e-05,53
06079,3,0.5675744898830358,1.1445164590682151e-05,52
06079,4,0.5275113122171945,6.961827607279738e-05,51
06079,5,0.46362545018007206,0.0006965758097827242,50
06079,6,0.36795918367346936,0.009290283866956335,49
06081,-2,0.4205367980937823,2.34963916756514e-06,117
06081,-1,0.5427250520763087,2.5964278335848814e-10,117
06081,0,0.651186140958204,1.881255526046679e-15,117
06081,1,0.7248452696728559,3.627575004810588e-20,116
06081,2,0.7647597254004578,2.6086695006788704e-23,115
06081,3,0.7638848950001014,4.8743853195681144e-23,114
06081,4,0.7210226894670305,2.1483227805186346e-19,113
06081,5,0.6606587624286739,2.2690515859502727e-15,112
06081,6,0.576061776061776,3.714826408611135e-11,111
06085,-2,0.5627161526611644,1.7970167791793128e-12,133
06085,-1,0.6812366737739871,1.825370217015386e-19,133
06085,0,0.7715133605157172,1.0637902633794245e-27,134
06085,1,0.8381710695893098,4.933488356787997e-36,132
06085,2,0.8513478887524688,5.921879481210287e-38,131
06085,3,0.823348673339797,2.7635924500227513e-33,130
06085,4,0.7605713327370306,1.3877584031059076e-25,129
06085,5,0.6625103003112983,1.636934889711043e-17,128
06085,6,0.5448654855643044,3.531603843537011e-11,127
06099,-2,0.2325363192153871,0.0644489337138778,64
06099,-1,0.40037106236621517,0.0010449891133097026,64
06099,0,0.5294306663038401,6.854100908737921e-06,64
06099,1,0.6356913558486224,2.1742683587456722e-08,63
06099,2,0.6500391093247859,1.0824751205256908e-08,62
06099,3,0.7087985479450127,1.6422753603416322e-10,61
06099,4,0.6296842691385016,7.053616579641502e-08,60
06099,5,0.5776563487673222,1.665731660385047e-06,59
06099,6,0.40931340433888147,0.0014207348590183858,58
06113,-2,0.32020246107906797,0.00043241177943706925,117
06113,-1,0.4382210849508748,7.753696908710047e-07,117
06113,0,0.5272417675266027,1.0137210779354661e-09,117
06113,1,0.6310164744879116,3.137109480195705e-14,116
06113,2,0.6756819136798314,1.194005962332076e-16,115
06113,3,0.6549009839850289,2.699802688668619e-15,114
06113,4,0.6146712494840985,4.4243735571530343e-13,113
06113,5,0.5613629714430306,1.2063055544089315e-10,112
06113,6,0.49604355924031085,3.0925870179073955e-08,111
