specification,n,rmse,mae,r2,spearman,bias,note
region-weeks with >=2 sites,508,0.33311077312567167,0.2527374623403581,0.21873600794503834,0.4651290323791984,0.002655977290184889,
Omicron era only (2021-12 on),988,0.33858368731179556,0.2708993233220174,0.16778574331861018,0.677440809185179,0.18595738288428093,reduced split: 40wk train / 13wk test - not directly comparable to the headline
pre-Omicron only (to 2021-11),265,0.35219428565218985,0.26923019572568246,0.324893150031207,0.7067446362229445,-0.13351619865882672,reduced split: 30wk train / 10wk test - not directly comparable to the headline
"headline (causal z, clip +/-3)",942,0.3911798478781596,0.28665946793579683,0.39019407271746887,0.6216515095403341,-0.04828270041498708,
"causal z, unclipped",942,0.3911798478781596,0.28665946793579683,0.39019407271746887,0.6216515095403341,-0.04828270041498708,
retrospective z-score (leaks future data),929,0.39383758063714724,0.2842556519891466,0.4241918337938021,0.6567565354879419,-0.0003543366210443905,
counties with >=90 weeks only,442,0.4141435813033745,0.29651274771930297,0.4217743974534075,0.6288829822604506,-0.08148485645653324,
"causal z, clip +/-5",942,0.4377859672643354,0.30225247148546935,0.2362304011106301,0.6174582434495354,-0.06714227667568617,
"causal z, clip +/-10",942,0.6019981307685676,0.35803751820995083,-0.44420545130252576,0.5855282250236528,-0.09512417444567807,
