block,estimator,n,prevalence,auroc,auprc,brier,brier_skill_vs_prevalence
wbe,logistic,939,0.1033013844515442,0.767771873546049,0.3219137513368394,0.0835020787272169,0.0985437672032663
wbe,gradient_boosting,939,0.1033013844515442,0.7464064451355389,0.27446129124392793,0.08901327693242796,0.03904699720673266
wbe,random_forest,939,0.1033013844515442,0.785304993021035,0.27257207797154476,0.08809654852374903,0.048943643498438605
ar,logistic,943,0.0784729586426299,0.6514477653718159,0.13789308313382387,0.07183782290118061,0.006597950781389805
ar,random_forest,943,0.0784729586426299,0.5793782850744876,0.10661727135124072,0.08561040569595724,-0.18385481377669666
ar,gradient_boosting,943,0.0784729586426299,0.5214287935806923,0.09844142745321285,0.08137161271341803,-0.12523909485575602
wbe+ar,logistic,939,0.1033013844515442,0.7475451183975316,0.3368391740146385,0.08229028196827902,0.11162585758805799
wbe+ar,random_forest,939,0.1033013844515442,0.742635355192595,0.23693144668321436,0.08966804872596253,0.03197833348795931
wbe+ar,gradient_boosting,939,0.1033013844515442,0.7538261870362661,0.23490010422810845,0.08776508967007526,0.05252194542953159
